id;id_produto;cod_recipiente;part_number;tp_embalagem;cnpj;id_dispositivo;unidade_estoque;naladincca;ncm;naladish;linha_produto;peso_bruto;peso_liquido;registro_ms;validade;necessita_li;recof;reducao_icms;cod_onu;seq_suframa;nao_tributavel;ipi_especifico;ii_especifico;ii;ipi;valor_unitaria;capacidade_unitaria;fator_conversao;descricao_resumida;atualizacao;status;unidade_peso;cod_unidade_qtde;cod_unidade_comercializada;cod_unidade_unitaria;peso_quilo;peso_unid_comercializada;cod_externo_gip;ultimo_informante;tsp;tipo_recof;obs;peso_rateavel;necessita_revisao;tipo_produto;procedencia;chassi;especificacao_tecnica;materia_prima_basica;automatico;cod_origem;material_generico;carga_perigosa;cod_unidade_venda;flex_field_1;flex_field_2;flex_field_3;descricao_detalhada;id_organizacao;cod_pais_origem;ciclo_produtivo;part_number_fornecedor;flag_atualiza_icms;id_dispositivo_ipi;codigo_moeda;valor_unitario;cod_prod;cod_producao;procedencia_exp;id_anuencia;peso_metro_cubico;hts;nome_comercial;id_modelo;unidade_fracionada;dif_peso_emb;class_prod_recof;data_inicio;data_fim;data_insert_mov;id_corporativo;data_ger_leg;procedencia_info;cod_prod_suframa;px_exp_tipoins;tipo_prod_suframa;id_detalhe_suframa;valor_unitario_real;necessita_revisao_pexpam;modelo;px_modelo_padrao;flex_field_4;flex_field_5;flex_field_6;flex_field_7;flex_field_8;flex_field_9;flex_field_10;flex_field_11;pis_cofins_tipo_aplic;pis;cofins;pis_cofins_red_base;modelo_prod_suframa;cod_siscomex_unidade_ncm;part_number_cliente;superficie_unitaria;local_estoque;cod_unidade_superficie;rateio_produto_acabado;pis_cofins_cod_un_espec;recupera_impostos;flag_no_raf;nota_compl_tipi;ipi_reduzido;sujeito_lote;marca_comercial;tipo_embalagem;num_liberacao_brasilia;temperatura_conservacao;umidade;luminosidade;embalagem_secundaria;forma_fisica;finalidade;item_produtivo_rc;embalagem_primaria;descricao_anvisa;volume;cod_unidade_medida_dimensao;cod_material;ativo;codigo_aduana;classe_risco;cod_risco;flex_field_12;flex_field_13;flex_field_1_number;flex_field_2_number;flex_field_3_number;flex_field_4_number;flex_field_5_number;status_scansys;cod_estrutura_atual;perc_tolerancia;pis_especifico;cofins_especifico;flex_field_14;flex_field_15;flex_field_16;flex_field_17;flex_field_18;flex_field_19;flex_field_20;flex_field_21;flex_field_22;flex_field_23;flex_field_24;flex_field_25;flex_field_26;flex_field_27;flex_field_28;flex_field_29;flex_field_30;flex_field_31;flex_field_32;flex_field_33;s_cod_barras_gtin;n_vlr_unit_limite_usd;n_cod_prod_anp;n_custo_producao;s_destino;n_percentual_glp;n_loc_field_1;n_loc_field_2;n_loc_field_3;n_loc_field_4;n_loc_field_5;n_loc_field_6;n_loc_field_7;n_loc_field_8;s_loc_field_1;s_loc_field_2;s_loc_field_3;s_loc_field_4;s_loc_field_5;n_id_doc_ocr;s_loc_field_6;s_loc_field_7;s_loc_field_8;s_loc_field_9;s_loc_field_10;s_loc_field_11;s_loc_field_12;s_loc_field_13;s_loc_field_14;s_loc_field_15;s_cod_prod_anvisa;s_desc_prod_anp;n_perc_glp_nac;n_perc_glp_imp;n_valor_partida;s_gtin_unid_trib;s_codigo_modalidade;s_codigogpc;s_codigogpcbrick;s_codigounspsc;s_situacao;s_enviado;s_motivo_isencao_anvisa;s_ic_pronto_para_envio
1;37454;Directives application Home Loan Account;Dam;Practical Fresh Pants;Metal deposit;5641;transmitter Implementation Electronics;Soap methodology Albania;Home Namibia;Steel zero administration;Multi-channelled Licensed;61838;19967;Cambridgeshire Mississippi;2019-08-05T15:45:13;Credit Card Account Table Small Frozen Sausages;South Dakota envisioneer Music;23089;Monitored Bahamian Dollar Investment Account;Games Regional Digitized;copy convergence;Mayotte;Industrial;84228;77513;44975;93949;39515;Communications capacitor archive;2019-08-05T03:10:40;Aruba;software scale interactive;Louisiana Specialist Home Loan Account;Plastic;Car Industrial deliverables;39488;19871;Books;81546;monitor;1080p Checking Account Identity;Frozen IB;Highway Ergonomic;moratorium moratorium;New York tangible Mississippi;Frozen bus;hard drive Robust Networked;Poland;Small partnerships;Outdoors;Harbor Montana;Corporate Phased relationships;white Brand Money Market Account;Salad Web virtual;Refined Squares;maroon;EXE projection Fresh;support Gorgeous;22793;synergies copying;86073;Games;Iraq Bedfordshire;69243;encompassing;24412;Gloves sky blue Oklahoma;robust Engineer;Exclusive Moroccan Dirham card;14808;28484;Computers Personal Loan Account Berkshire;Home;34507;deposit Canadian Dollar Lebanon;44778;Dominican Republic Credit Card Account Handmade;2019-08-05T07:59:48;2019-08-05T11:09:54;2019-08-05T11:03:23;cross-platform Point Orchestrator;2019-08-05T07:17:48;bypassing optical;installation;Argentine Peso;Kentucky Algerian Dinar Clothing;51209;80950;turn-key;9617;17436;Yen synthesize Creative;Forint;Concrete Global SMS;Profound;parsing;Borders content-based;Tasty Customer Human;pink even-keeled;bus Internal AI;77987;88777;64203;Unbranded Cheese Dynamic;Alabama transform;invoice Home Gloves;54873;Cayman Islands Dollar invoice;Fish;Networked;Fish;payment calculating;local area network Benin;turn-key dedicated;24398;Strategist target;Investor users dot-com;North Dakota Cambridgeshire;Re-contextualized;local Shoes;Intelligent Frozen Sausages Villages;Human;back up Factors;architectures;Wisconsin Facilitator Incredible;reinvent;eco-centric Bedfordshire mesh;Configuration UIC-Franc;57006;Intelligent;Zambian Kwacha intuitive;Bedfordshire;portal calculating Metal;real-time discrete redundant;Synergistic Personal Loan Account Sleek;Borders;olive Handcrafted Cotton Bacon Unbranded Fresh Pants;2761;37558;57886;9398;43847;Argentine Peso implementation;15504;54264;stable Utah Computers;Licensed Plastic Pants;Plastic South Georgia and the South Sandwich Islands;composite Orchestrator Club;Intelligent Granite Shirt Peru deposit;Frozen Analyst card;redundant;content;Gorgeous Electronics Brand;infomediaries Som Rustic Frozen Keyboard;Enterprise-wide Benin;Tuna Response invoice;alarm Jamaica;system Gorgeous Rubber Pants;hack;leading-edge;Ergonomic Steel Gloves;Developer Shoes Music;Buckinghamshire Hollow Shoes;withdrawal Generic Frozen Tuna;Gorgeous Cotton Chair Personal Loan Account Borders;Norfolk Island Chilean Peso Unidades de fomento Checking Account;invoice Outdoors New York;94023;80094;57547;incubate deposit Station;54561;82063;94146;62593;38610;82042;96119;65148;90535;black;yellow;Books Generic;robust withdrawal generate;Garden open-source hybrid;11816;Rupiah Personal Loan Account HTTP;schemas Specialist China;quantify multi-byte;interface Cotton Robust;user-centric Infrastructure;Managed Dobra application;Fantastic;Liechtenstein Buckinghamshire monetize;Direct;Small Frozen Salad bypassing;time-frame Quality;Borders Borders Practical;9170;29321;60244;Pakistan;parse;neural Wooden Optimization;Tasty Rubber Car mindshare EXE;bandwidth Liaison;program Auto Loan Account Refined;infomediaries;Fantastic Fresh Salad;Steel Avon Visionary
2;58130;PCI SAS;Interactions;Pennsylvania dynamic bandwidth;navigate Oklahoma;42422;National;supply-chains;Tools;Arizona hack;Fresh payment synthesize;58336;23750;seize Glen Refined;2019-08-05T04:11:15;web services;Industrial Designer Incredible Fresh Car;52770;Agent Gorgeous Rubber Chicken Associate;Tuna magenta;Wells;Naira iterate;Unbranded Plastic Chips Brand Regional;45565;10675;62013;33566;27738;olive;2019-08-05T05:44:23;one-to-one Indiana;holistic;Architect;Beauty dynamic schemas;Pound Sterling Keyboard;91092;7620;Usability models New Mexico;91917;Unbranded SCSI;Rustic Steel Shirt drive;Ways Liaison engage;disintermediate Assistant generating;Practical Steel Shirt Plastic Movies;SMS;Zimbabwe parse Customer;input Accounts;enhance Multi-channelled purple;Response;white SMTP;Checking Account global Steel;Borders Springs connecting;SAS;Planner Refined;engage Granite Grocery;bluetooth payment digital;Rubber Industrial seamless;withdrawal Jamaica;9100;array Luxembourg Spurs;91047;middleware Switzerland;Data Granite Configuration;49211;Business-focused Canyon Orchestrator;49261;concept payment;robust;Granite Rubber;15190;40030;Pakistan Rupee;Chicken;34566;Human Mission;66755;Soap teal Licensed Wooden Pants;2019-08-05T10:10:56;2019-08-05T08:31:32;2019-08-05T12:37:12;Awesome;2019-08-05T13:58:23;Island cyan;Granite open architecture;Ergonomic Soft Shoes;Bulgarian Lev Cambridgeshire;15697;92087;Small Plastic Pizza primary;74825;59727;Manager;cultivate Bedfordshire;navigate Kiribati;bypass Games Customer-focused;Bond Markets Units European Composite Unit (EURCO) connecting generate;Refined;back-end enhance;optimal;Chair Kentucky;84070;21144;8920;Brazil;National;Ranch impactful;64882;Club Nebraska;Nevada quantify architectures;empower;customized payment;Grass-roots Cambridgeshire;Personal Loan Account;Music;22533;24/7;Pizza blue;digital;Internal;Sleek Steel Shirt;Strategist Fresh incubate;Human Jewelery Engineer;Fish Tanzanian Shilling;hard drive Mexico Gardens;override silver orchestration;tan program;Metal Auto Loan Account;Awesome;50610;Applications;Montenegro;frictionless;Rubber Awesome Frozen Mouse;Trinidad and Tobago Dollar;Customer-focused;Shoes Rubber Mall;users scalable;92952;85072;83061;74597;96502;Frozen matrix;93834;20500;streamline;synthesize Arizona synthesizing;synthesizing;indigo Bacon Mouse;Programmable payment National;HDD;Tanzanian Shilling Lights;e-enable Plaza intranet;convergence Idaho customized;synthesize Bahrain;Pre-emptive Bouvet Island (Bouvetoya) experiences;Credit Card Account;Belize Dollar Bacon;Investment Account Rwanda Customer;Liaison copy program;hack Electronics Oklahoma;Cambridgeshire navigate Licensed;Fantastic indexing;Investment Account;haptic Shoes;models;driver payment Mexican Peso Mexican Unidad de Inversion (UDI);port Money Market Account;82679;18159;95907;front-end Intuitive vortals;28792;94728;61495;15335;91185;58622;13911;50588;10079;Advanced bus;Security Virginia;solid state Clothing deposit;Maine Checking Account markets;Unbranded programming District;12281;Visionary;hacking;programming;FTP;Persistent Investment Account;Handmade Plastic Mouse neural;Money Market Account;synergize;JSON National;interactive capacitor;Idaho Grocery;Concrete Towels Avon;41892;3387;91484;integrated;modular red;payment;Strategist;Towels applications;Zimbabwe;Bedfordshire;application scale;indigo National
3;20513;orchid Tools;generating Arkansas;synthesize;Macedonia Japan;48108;Borders hack;Pants;Tasty navigate didactic;payment schemas Industrial;calculating;86699;65892;Toys white;2019-08-05T11:19:21;Moldovan Leu;Checking Account;33927;Florida THX Idaho;Licensed Visionary pixel;neural Markets Branding;maroon;superstructure;8692;1300;63324;8550;73590;backing up;2019-08-05T13:55:18;COM;infomediaries Chief;Money Market Account end-to-end navigating;Alaska solution-oriented;best-of-breed generate;36275;43612;context-sensitive Metrics transmit;14011;COM;Agent Squares;supply-chains;Bedfordshire;Peru withdrawal Down-sized;invoice;Liaison Tonga;Lari;Sports Global Soft;Bedfordshire Awesome Cotton Tuna;calculating yellow;Wooden;Future;pixel Phased payment;Towels Internal;seize generate;Fantastic Wooden Chips microchip;Generic;Business-focused generate grid-enabled;35567;monitor methodology West Virginia;47605;invoice Research;Bedfordshire 4th generation Equatorial Guinea;16201;backing up indexing;95523;Pants Auto Loan Account;Incredible Incredible;supply-chains feed Investment Account;45968;24640;bypassing;Clothing Engineer Toys;10309;archive solid state;96209;mobile;2019-08-05T00:17:42;2019-08-05T06:09:51;2019-08-05T04:21:26;Awesome;2019-08-04T17:52:21;input invoice calculate;Philippine Peso parsing Triple-buffered;deposit Rand Namibia Dollar;Branding;3942;4416;Washington Officer New Hampshire;47321;91548;Music;card azure Frozen;Data Shoal;Refined Granite Gloves South Georgia and the South Sandwich Islands deposit;Money Market Account Organic;Cliff;Tugrik magnetic interface;Kansas;Maldives bluetooth policy;62589;52016;88597;Personal Loan Account Inverse;Track;Books CSS Holy See (Vatican City State);93906;primary Supervisor proactive;Fantastic Sleek Granite Tuna Utah;Coordinator;Practical killer Russian Federation;Adaptive Practical B2C;SQL;Persevering Gorgeous Steel Salad Associate;42777;disintermediate;Concrete Usability neural;Generic;Facilitator XSS;Underpass Personal Loan Account;parse;Intuitive;quantifying Phased connecting;Automated;architect;lavender;copying primary invoice;EXE;92775;Designer Ball;Buckinghamshire Buckinghamshire;Salad indexing Pre-emptive;generate;Personal Loan Account;SDD Trail;didactic Granite;Tasty Fresh Pizza Jewelery monitoring;93158;55085;73521;8698;28139;Implemented Computers;69571;72342;Borders;Integration;Bond Markets Units European Composite Unit (EURCO);Facilitator;Cambridgeshire;Borders Internal;open-source Ouguiya;AGP circuit;optical deposit;Pizza Fish next-generation;UIC-Franc;Generic El Salvador Colon US Dollar purple;XSS RSS Outdoors;Music copying Reduced;Chair connecting synthesizing;Adaptive black;Money Market Account;New York Concrete expedite;Solomon Islands;Wooden radical Beauty;Facilitator 24/365;Sausages bypass;Directives Baht Tasty Plastic Keyboard;70817;77098;6735;Mississippi proactive Checking Account;4574;85241;87153;99014;97348;67605;96887;44595;74965;Rubber navigate;Small Fresh Gloves;Buckinghamshire compress;Grocery Ball Wells;partnerships Terrace Hat;79480;Guinea Franc fuchsia Licensed;Profound Plastic XSS;Chair mindshare Interactions;THX Coordinator;grid-enabled Specialist e-services;program override red;payment efficient RSS;Vietnam Mouse;SDD;Cheese Summit Saint Martin;Auto Loan Account;4th generation;91183;92084;96751;indigo Manors;Rubber;Credit Card Account;architectures;Networked;Handcrafted Rubber Gloves;South Carolina;website Curve;Circles
4;68045;grow Orchestrator;multi-state El Salvador Colon US Dollar XSS;Lead sensor bypass;Configurable;98666;Steel Berkshire;magenta efficient;Automotive approach Borders;PCI;Sports;7857;35780;benchmark Planner;2019-08-05T12:02:52;Turkish Lira overriding Rustic Metal Computer;deposit circuit Kids;93621;Generic Granite Gloves capacitor;Assurance Auto Loan Account cross-platform;indexing Handcrafted;Malta Auto Loan Account online;deposit Central African Republic;73158;43860;8162;72482;6035;Profound Shoes;2019-08-04T19:56:45;pink Architect;override PNG;deposit Avon;Clothing deposit;Designer;97479;49327;Intelligent whiteboard;22056;web-readiness;Switchable;Pizza Assurance;program e-commerce;array parse;Awesome Fresh Hat New Jersey;Clothing target;HDD Forward;withdrawal Planner;National;benchmark;invoice program;synthesize;Investor Tuna;redefine;Shirt SDD;communities Refined;Pike Borders;payment Rustic;65212;toolset incentivize;85798;Garden Rhode Island;Cotton Manager;45378;Team-oriented;7349;Gloves Jordan;Uganda Shilling Cotton;Persevering Personal Loan Account;70677;25252;strategic;Kids array;66380;Spur calculating;80567;Utah COM;2019-08-05T11:55:41;2019-08-05T03:54:39;2019-08-05T14:10:56;zero defect;2019-08-05T15:29:54;Denmark;Small Metal Computer Multi-channelled Sausages;artificial intelligence;Arizona Congolese Franc;39737;98663;Developer Books;95181;32313;Facilitator Minnesota;Borders;open-source Burundi;Music;Metal;lime Chilean Peso Unidades de fomento Officer;feed;communities;Officer Quality-focused invoice;97863;94461;37429;Health Polarised transmitting;Rhode Island Music Data;Dynamic Savings Account Branding;82683;Guarani Colorado;deposit Orchestrator;utilisation;recontextualize USB primary;optimal Refined;unleash system engine;schemas Legacy SAS;31719;SAS embrace;Nigeria;firmware;seamless mesh;disintermediate Jordan Savings Account;deploy Advanced;New Mexico;Pakistan Rupee;connect Berkshire;XSS Suriname;Lead cross-platform;enable;Moldova Operative;47669;unleash Slovenia;monitor Operations Sports;synergies;deposit Principal Profound;streamline azure Inlet;Rustic;Money Market Account Fiji;system engine haptic Moldova;31130;8962;61033;71763;71615;zero administration networks;12188;52248;Metal;Bacon Cocos (Keeling) Islands card;multi-byte;Universal;supply-chains Licensed connecting;Sleek Rubber Computer Solutions;invoice Cambridgeshire;Secured olive;Shirt next-generation;Legacy efficient Exclusive;definition transmitter navigating;Trinidad and Tobago Dollar Licensed Savings Account;interfaces Mouse;bus;Field Bermuda Chair;deposit;sky blue deposit;benchmark;Sleek Wooden Chips bi-directional;Russian Ruble deploy;Roads feed;Director;bypassing;60321;72433;33722;Product bypass;26489;8565;64528;89419;59575;19186;40118;32337;36695;viral;Practical Granite Bacon Handcrafted Soft Car;payment;HDD;Pataca Function-based;45685;olive;Coordinator;efficient Producer;Hill Awesome Rubber Computer;Directives payment override;Indonesia;content;back up B2C invoice;Via enhance Cotton;Chair Producer Accounts;Switchable Kyat;Money Market Account;8912;78790;75527;Rubber connecting back-end;Small Wooden Gloves Expanded viral;Incredible Integration;Bedfordshire navigating;Village;XML Sausages;Borders Planner navigating;Cambridgeshire;Granite quantifying
5;38062;EXE SMS back-end;orange bypassing Graphic Interface;Keyboard;Future-proofed Metrics North Carolina;93273;Connecticut Throughway synergy;Avon Personal Loan Account;hacking installation Markets;Metal leading-edge Sleek Steel Hat;Versatile;7996;54952;Liaison e-markets task-force;2019-08-05T04:43:16;solutions Refined deposit;Kids;60255;intuitive streamline;digital Ferry;Cambridgeshire;Generic Metal Gloves Administrator Devolved;Rustic;78269;30327;26538;10104;17776;Convertible Marks Home Loan Account invoice;2019-08-05T11:22:30;Polarised orange Soap;Suriname models;optical;Ports pink;Iraq Buckinghamshire;17688;73361;parse Computers;41615;Land;open-source;synthesize Concrete;Savings Account access;Pre-emptive Officer primary;Sleek Cotton Computer intermediate withdrawal;compressing Rustic;Wooden FTP;alarm;cross-platform Investment Account;Key mobile Direct;Licensed withdrawal Quality;markets Extended programming;Triple-buffered;Stream withdrawal withdrawal;Points Polarised Senior;Cambridgeshire Computer;Analyst bandwidth Small Steel Computer;alarm Licensed Steel Computer Books;95650;interface web-enabled;29653;holistic reboot invoice;e-business;41213;Northern Mariana Islands;83053;Gorgeous Cotton Chair Ergonomic Cambridgeshire;regional compress Personal Loan Account;Djibouti Franc Music;25541;61501;bypass;Operations Camp;89581;projection Plastic Wall;11395;Borders Legacy;2019-08-05T04:22:12;2019-08-04T21:23:10;2019-08-05T02:04:21;Keyboard Incredible Wooden Sausages;2019-08-05T02:30:13;Fantastic;architectures niches;Sausages content-based;Metal tan TCP;64581;99241;New Taiwan Dollar;31692;86136;compressing Global Proactive;turquoise Facilitator input;override deposit;intranet;Engineer Operations Handmade Wooden Computer;Saint Helena Pound;parsing;Borders;copying;73280;41341;54223;Pennsylvania Borders array;Chicken Refined;invoice index;16007;Overpass;open-source;circuit Engineer Intelligent;SAS deposit;Saint Barthelemy;generating Savings Account Indian Rupee;haptic Macedonia;522;program Sports back up;parse;cross-platform pricing structure Pizza;Trail;Liaison 24/365;payment optical;Savings Account;withdrawal Clothing;Books;Pants Bacon;Fantastic Utah;Borders protocol;Idaho;56148;Arizona Investment Account Nepalese Rupee;Money Market Account Sports initiative;Rustic Handcrafted Plastic Fish;Developer indigo connecting;portals Wooden;system;Fantastic;Generic Soft Fish;76658;99834;73361;93311;29944;Table payment;49616;78565;Metal;Assistant navigate;West Virginia Hawaii Towels;Director Chair;Toys generating neutral;Paradigm solid state;systematic;Synergized generate;turquoise redundant;Applications panel;Small circuit;District 1080p;bypass;Polarised;Cotton;Dynamic Ville Movies;Small Plastic Chair;content-based;Forward;Engineer;index Summit;actuating Shoes TCP;Generic Fresh Towels;13924;34592;53242;deliverables;34734;8642;89983;23678;2182;73244;66378;54832;96339;Vermont;streamline navigating open-source;sensor Strategist;Metal;mint green Kentucky Groves;97200;Personal Loan Account e-business Steel;program;Cloned quantifying;Macedonia Executive;AI;Bahrain wireless Mali;Intelligent Summit;initiatives Frozen;overriding Bermudian Dollar (customarily known as Bermuda Dollar);AI Ports;Finland Licensed Granite Computer cross-platform;Associate neural;49725;20136;33977;GB;pricing structure input;Electronics Fresh;GB AGP;Division;Producer quantify;Bahamas;Hollow;interactive target primary
6;37193;Stravenue seize;index;teal sky blue Gorgeous;1080p Indiana;63458;bluetooth;azure Global;Table Kwacha;Gloves Auto Loan Account customized;client-driven Analyst Rubber;20201;3338;customized;2019-08-04T23:17:07;hacking help-desk;Personal Loan Account Refined RAM;80360;Bedfordshire Strategist supply-chains;Metal alarm challenge;JBOD systems Keyboard;Kwacha;Antarctica (the territory South of 60 deg S);71935;82295;89025;20975;7940;matrix pink;2019-08-04T20:16:20;programming;Handmade copy;Turnpike quantifying Harbor;Networked transmitting;back-end Bike bandwidth;82597;8717;program;42011;National;Extension calculate withdrawal;Louisiana bus;Streets Engineer deposit;feed;extranet;Movies Colombian Peso Unidad de Valor Real Pizza;Vision-oriented bypassing;Generic;Vatu Bedfordshire;sticky;Shoes;systems;Interactions SSL transmit;Handcrafted Fresh Ball invoice SMTP;Florida;deploy;Flats AI;Cotton web services;80235;Landing;1800;mindshare;Principal;28003;SMS;29221;Internal synthesize optical;Strategist;hard drive migration;82939;53267;invoice;Concrete Bahamian Dollar;54069;Gorgeous;24189;Toys;2019-08-05T05:37:05;2019-08-05T10:03:23;2019-08-05T09:38:17;Checking Account contingency parallelism;2019-08-04T23:01:55;Ergonomic Fresh Salad SCSI;matrices visionary Officer;Awesome Streamlined;4th generation interfaces zero tolerance;78916;85569;Norfolk Island Gorgeous Fresh Bike;59897;48837;bandwidth;Lead Vatu;Refined Frozen Towels Beauty North Korean Won;support;Springs Rubber;Corporate initiatives;Web Pike;Pakistan Rupee Progressive Avon;Innovative;78675;48766;97076;web-enabled methodical;parse Bedfordshire;optimize Future;292;Sleek Rubber Car Corporate;holistic;Highway Manors Savings Account;Investment Account holistic;Montana;Sports Movies;backing up;84392;encompassing;redundant Hawaii;empower Unbranded Plastic Shirt;Gorgeous Auto Loan Account Granite;XML Utah;Buckinghamshire;Tasty Cotton Keyboard Response Shirt;mindshare metrics;Swedish Krona Phased Guyana Dollar;calculating;Creative driver THX;Handmade Concrete Bacon;Generic Fresh Chicken;25669;withdrawal;Prairie revolutionary Rubber;Saint Kitts and Nevis Senior;Incredible out-of-the-box;bandwidth payment withdrawal;Home Loan Account Beauty deposit;Rubber Pizza Fish;Soft Global;6644;82901;53396;99126;14213;Clothing relationships heuristic;48600;8439;integrate Direct;Hawaii web-enabled transmitter;Refined Cotton Chicken navigating;Bulgarian Lev interactive;PNG;Flat cross-platform;Terrace Virginia index;success;Tools seamless;interface;Haiti Bedfordshire Table;Steel Legacy;Marketing value-added;withdrawal deposit;optimize redundant;artificial intelligence Uzbekistan Sum;Guinea overriding;Designer Course;Keyboard Analyst Ameliorated;Borders Liaison evolve;red;synergize Shirt Home;Granite Bedfordshire Fresh;83548;11613;37039;envisioneer Tunnel e-markets;99485;82670;54538;98401;8820;28840;60687;96113;15158;Tools Director;Wallis and Futuna Shoes Malawi;Cheese Streamlined;action-items secured line next generation;Car;50744;Pound Sterling Versatile;Nevada strategic New Jersey;Architect;Auto Loan Account;maroon mobile;SQL Money Market Account South Carolina;Fall interface;Refined Granite Fish;Future Frozen;Investor array;Track Rustic Soft Cheese;Steel wireless;27576;46678;87709;Usability;Applications;Executive Buckinghamshire;Borders function Bedfordshire;salmon index;Home Loan Account Central;Oregon SCSI;Knolls networks Auto Loan Account;South Dakota Applications
7;20047;Ergonomic TCP systems;success Business-focused structure;Burg;Orchestrator azure;73402;connect;Kwanza bus Tugrik;withdrawal;transparent cross-platform;program;52857;95744;Industrial Manager Zimbabwe Dollar;2019-08-04T20:59:07;24 hour;Handmade Plastic Pizza;63290;Rustic Steel Cheese Accounts quantifying;program calculating Checking Account;target;Gorgeous infomediaries utilize;forecast;54913;11099;63208;80823;57704;Taka Industrial Sleek;2019-08-04T20:00:50;Taka;Cambridgeshire;Reactive Cape Steel;whiteboard composite Synergistic;engineer;29251;92922;incentivize;90611;leverage;overriding Nicaragua;Supervisor;grey systems;Concrete SMS Cambridgeshire;Passage generating;Generic Metal Hat Multi-lateral;Stand-alone projection intermediate;Brazil Frozen;port target Ball;Fresh Credit Card Account Gorgeous Soft Shirt;Small;Buckinghamshire;port;circuit Awesome Fresh Shoes;end-to-end;bypass system engine Refined;Concrete Texas;local area network solid state Chief;43381;Regional matrix;96407;Ergonomic Australian Dollar Borders;Web calculating;67584;Wooden;25423;SMTP Chips radical;Quality;Paradigm attitude-oriented Spur;63433;64414;Ergonomic Plastic Shoes Markets Cambridgeshire;Locks Intelligent;63442;navigate Movies;85895;maroon Somalia applications;2019-08-04T23:35:49;2019-08-05T11:46:50;2019-08-05T07:57:38;RSS circuit;2019-08-05T01:19:24;wireless;Checking Account fault-tolerant Frozen;Soft card;deposit whiteboard sensor;19921;57917;Gorgeous Fantastic Metal Car bypassing;78201;51586;attitude-oriented calculating;Implemented;next-generation Clothing Frozen;Health interface;Tunisia;24/7 sensor;Associate Iceland Syrian Pound;Springs;override;52129;13151;97601;Rubber Movies navigate;leading-edge Ball synergies;encompassing;77314;Bedfordshire turn-key incubate;Iowa;payment Facilitator;Armenian Dram Tonga synthesizing;virtual Falls;Gloves Senior;Upgradable Phased Berkshire;74744;Ramp;West Virginia;Integration haptic Technician;invoice Arkansas;sticky Re-contextualized orchid;Investor;virtual Indiana Frozen;New Zealand Regional Chicken;scalable collaborative;B2B sensor Togo;feed;Canadian Dollar;Health deposit Canyon;13427;Paradigm Saint Martin;dot-com;Codes specifically reserved for testing purposes Generic upward-trending;connect Malta Table;Awesome Wooden Pizza Manors;Senior;hacking Strategist haptic;enhance invoice Intelligent;63653;95142;49823;99481;40667;Metrics Mayotte black;45896;43699;Savings Account Intelligent Rubber Chair Supervisor;synthesizing;National Quality Markets;Metrics Producer;Pizza Springs;customer loyalty Profit-focused Prairie;Chips Rhode Island program;Checking Account backing up;dynamic Infrastructure Self-enabling;Intelligent Soft Gloves Pizza;transmitter Gorgeous;Ameliorated grow;deposit Fresh bottom-line;Agent Metrics;Sleek Soft Shoes expedite;Handmade Automotive;Division;executive Auto Loan Account;Innovative New Hampshire killer;overriding Dynamic;Principal Small Cambridgeshire;back up;Industrial;17522;14817;86677;context-sensitive Group Oklahoma;43661;56332;58008;42750;51669;32633;75877;83965;28249;killer;Chief programming strategize;neural Tunnel Borders;plum;orange;33156;TCP orchid;robust;Accountability;Lake Licensed;backing up parallelism Baht;world-class hacking Cambridgeshire;Aruba discrete;Program embrace;generate Toys;Sleek Plastic Car matrix;Diverse;Home;43748;23041;88273;Handmade Concrete Chips;Re-engineered;payment applications;e-markets superstructure secured line;Sharable client-server Cotton;Principal redundant;ivory index Montenegro;withdrawal;relationships
8;75382;Games reciprocal Borders;Web;Bedfordshire;Personal Loan Account migration;71442;quantify;haptic;Bedfordshire holistic Division;Chicken Fish Practical;Direct Pula bus;86169;34460;Jewelery;2019-08-05T15:37:22;Plastic;open-source;97852;RAM;input Kwacha experiences;Bedfordshire grow;Buckinghamshire;circuit implement;2519;78217;83899;12438;1141;Balboa US Dollar Facilitator partnerships;2019-08-05T11:13:44;firewall calculating;Venezuela Australia;Bedfordshire sensor;Wooden Data hard drive;architect Fresh SAS;15727;67715;Money Market Account;31654;quantifying Buckinghamshire Gorgeous Plastic Soap;Texas parsing Investor;Progressive;Intelligent Rubber Chair;envisioneer;best-of-breed;Tactics mindshare;maximize Gorgeous Soft Pants asymmetric;cross-platform Gourde US Dollar;Intelligent Cotton Shirt;Technician wireless alarm;indigo;1080p Checking Account;eco-centric value-added functionalities;Movies Motorway Officer;Designer;Administrator;microchip hard drive;pink Iceland;7404;Savings Account;51678;port withdrawal;payment Liaison;60363;Rustic Unbranded;95142;hardware;Nepalese Rupee;Checking Account payment;26740;64163;matrix;Organic Tenge;70662;Home Loan Account interface dedicated;59766;CSS;2019-08-04T18:08:49;2019-08-05T14:03:32;2019-08-05T14:19:36;Soap Implementation;2019-08-04T23:11:30;TCP ivory New York;whiteboard Fantastic Rubber Chair incubate;Optimized Views Integration;bus Savings Account;73940;67246;Technician;10189;49804;index;Unbranded;Unbranded redundant AGP;convergence system Industrial;Polarised New Zealand;Reactive microchip Handcrafted;programming;circuit;Computers;35597;21440;1581;Gorgeous;Fantastic Granite Table program Home Loan Account;Checking Account productize software;88496;revolutionize Cambridgeshire interactive;maroon Home Loan Account compress;Designer actuating navigate;Dynamic South Carolina;global PCI;Internal deposit neural;e-commerce AGP;63795;navigating Berkshire Nigeria;Data;networks;regional e-markets;orange;Berkshire Practical Granite Chair;yellow real-time interface;withdrawal;Corporate;Hat;digital;payment SMS neural;Court virtual Home;92456;convergence;El Salvador out-of-the-box;Refined PNG;conglomeration Forward Data;withdrawal;Bedfordshire Integration;artificial intelligence Regional Awesome;Berkshire sky blue SAS;67694;88437;83790;34478;85876;index synergies;61054;29594;Ramp;Fish Jamaican Dollar;Avon;Fish Sports;Romania haptic capacity;Incredible Grocery;circuit;Cross-platform turn-key Awesome;Granite;Money Market Account;Car;morph;one-to-one;Intranet Personal Loan Account Massachusetts;index EXE;Som El Salvador Colon US Dollar Mouse;groupware Taiwan;deposit United States of America;New Zealand Dollar;Frozen magnetic;Developer;yellow unleash;Djibouti Franc generate Group;77648;1812;61133;SDD Liberian Dollar architectures;88561;62842;22190;68863;71464;25327;88156;997;73131;Pataca program Stravenue;overriding Avon B2B;Kazakhstan Bedfordshire transmitting;XML Bridge;niches;64777;Outdoors cohesive blue;RSS;Towels parse;Awesome Metal Chips Practical syndicate;Administrator Vision-oriented Infrastructure;hierarchy;Incredible Soft Pants;Handmade Cotton Pants Islands;Handcrafted Plastic Fish Solutions architect;invoice Berkshire Kids;Licensed Awesome Ergonomic Rubber Cheese;Nevada haptic;75174;35020;80300;Buckinghamshire Steel Danish Krone;monitor leverage;pink Regional;Salad Reverse-engineered Home Loan Account;invoice Internal;New Caledonia hack;Lakes;port aggregate Kansas;Persistent
9;21491;metrics International Buckinghamshire;Arkansas;Belarussian Ruble deploy;Prairie Data ROI;54934;Eritrea invoice calculate;interface;overriding;Cedi olive;compressing Handcrafted Soft Bacon;82164;77802;parse indigo;2019-08-05T14:44:50;Dobra intuitive eyeballs;Forks;26400;metrics;Stand-alone New York Refined Metal Cheese;e-business;XML;circuit;43641;99615;66677;82541;9432;compress multi-byte protocol;2019-08-04T17:39:15;parsing;task-force transmit wireless;Industrial Forest Arizona;e-tailers;Solutions;89171;36042;redundant Alabama architecture;65434;Advanced;Shoes;Credit Card Account copy Rustic Fresh Hat;Toys Web;AI Maryland;Tasty Metal Cheese system;panel incubate Organic;JSON cultivate;extensible New Caledonia;Wells;Analyst invoice;Road Intranet Avon;Street Indian Rupee Ngultrum Dong;Tasty Corporate;Avon Pakistan Rupee;Technician Gorgeous Rubber Keyboard calculate;Investment Account Mouse protocol;North Dakota Street;Car Clothing auxiliary;60969;Tenge;83815;wireless Interactions;withdrawal Markets;88161;New Hampshire;83379;invoice;Pennsylvania;Fantastic Checking Account;70264;3174;communities;Investor;61631;Team-oriented Qatari Rial Savings Account;50157;Agent Czech Koruna scale;2019-08-04T21:40:00;2019-08-05T09:59:31;2019-08-04T19:38:19;Frozen red cyan;2019-08-05T00:16:46;Personal Loan Account Investment Account;synthesizing Rustic Plastic Pants Practical Frozen Shirt;Bolivar Fuerte Chief architecture;extend Practical Concrete Mouse;22936;47495;Gorgeous Frozen Computer Rustic;43845;14727;Strategist hack;Cotton Home Bacon;migration;white;Fresh;viral;Quetzal Tasty Concrete Mouse;Corporate navigate Refined;Ball Ergonomic Buckinghamshire;30241;70667;56340;back-end Granite;haptic budgetary management;Checking Account;27364;Cambridgeshire;vortals;Graphic Interface calculating Gorgeous Cotton Pants;lime front-end;Zambian Kwacha calculate;orange Awesome Wooden Pizza Wyoming;Chief implement sky blue;48939;calculate Borders;US Dollar withdrawal;SAS;Plastic Tenge;generate Fresh;Chief;Hat Oregon Montana;THX architect;Ukraine scale withdrawal;Rubber;mint green systematic tan;revolutionize;methodical Intranet Designer;57126;Soft incentivize;Identity Senior efficient;generating cross-platform Chips;Electronics Down-sized Tajikistan;Persevering optimizing;Auto Loan Account;auxiliary Investment Account;Decentralized high-level Guam;19950;9377;29394;48613;23708;Program Response Savings Account;92452;23814;Customer Avenue Springs;Swiss Franc Investment Account index;Credit Card Account Representative;disintermediate transmitter Drive;Shoes green world-class;Polarised European Unit of Account 9(E.U.A.-9);Buckinghamshire Avon;Checking Account;Swaziland;Configuration Officer;Shoes Field Fundamental;Route;Frozen Savings Account upward-trending;Iceland Krona;digital streamline;Connecticut invoice white;Bolivar Fuerte Tennessee;Markets robust access;navigating Belize copy;action-items;Garden;multi-tasking Unbranded Metal Ball Home Loan Account;Cape Verde Escudo encoding;84810;61961;94716;XML array;27746;91293;28161;33977;96336;45561;1028;67811;71604;array Investment Account;virtual encompassing Steel;applications;Incredible;connecting Metrics lavender;37250;Implementation Rustic Wooden Bike;pixel;Pants;Lock Global white;Center;Legacy invoice;Florida;secondary Soft Brand;Health fuchsia deposit;interface SCSI;Legacy Product;open architecture;10705;27163;44005;microchip;seamless applications transmitting;Fish;Bouvet Island (Bouvetoya) national;Paradigm Rubber;e-commerce Soap Cotton;customized Incredible Concrete Fish;payment;Licensed COM Norfolk Island
10;69968;niches Kentucky Solutions;compressing;primary Awesome Practical;Wooden Planner;21469;Unbranded Rubber Cheese;Kwanza Credit Card Account EXE;Refined;multi-byte;knowledge base Functionality navigating;98356;79357;Industrial;2019-08-04T22:05:58;Future-proofed Steel;Small Metal Hat;45792;Visionary;Illinois Rubber;customized calculating bypassing;National cross-platform;auxiliary;32817;55731;20905;15603;8468;Island Cambridgeshire generating;2019-08-05T11:33:31;enable;Tennessee navigate online;concept;Music UIC-Franc Handcrafted;Morocco Automotive;47559;31180;De-engineered payment;61923;knowledge base Assurance bypassing;communities;Borders;Program payment Handcrafted;Optional Kenyan Shilling;backing up virtual Investment Account;Future Security;out-of-the-box relationships;Norfolk Island analyzing maroon;Towels;Sports;Rustic Cotton Bike Hat SMS;Intelligent installation;port Paradigm gold;Unbranded Granite Salad expedite migration;evolve;internet solution Handcrafted Soft Table innovate;programming Metal;Beauty Configuration Mandatory;10761;reboot Bedfordshire;43377;Multi-tiered Luxembourg dynamic;Hawaii structure Awesome Concrete Bacon;637;Developer Director enhance;72837;cutting-edge;synthesizing experiences Cotton;bluetooth heuristic;99033;78018;Orchestrator;withdrawal;68804;Plastic Implementation;18118;Personal Loan Account;2019-08-05T11:31:27;2019-08-05T06:47:31;2019-08-05T09:29:43;Turkmenistan users;2019-08-05T13:01:23;Towels;deliverables solid state;Handcrafted harness Licensed;Handcrafted Wooden Soap;33562;16301;Enterprise-wide;2370;83015;Metrics budgetary management contextually-based;SQL;Grocery Program green;Alabama exploit;hard drive;Jewelery virtual customer loyalty;Cordoba Oro;mesh Supervisor;Gorgeous Granite Fish Indiana;75145;90424;13196;Borders green;technologies;Bacon teal contingency;25938;Unbranded Ergonomic violet;extensible;asymmetric composite pricing structure;Refined Granite Cheese mindshare;Berkshire Tugrik;Bike Hawaii;process improvement Corporate Cameroon;73390;viral;infrastructures Yuan Renminbi;backing up;harness Turkish Lira;Profit-focused;encompassing FTP Product;Concrete;systems;SMTP;hacking Mauritius Rupee bypassing;Rustic Metal Fish Guernsey;Kwanza;Executive;3002;Dam Cambridgeshire Frozen;cross-platform;quantify Cambridgeshire;zero defect Spring;technologies Lane;moratorium Montana;deposit Automotive infomediaries;hacking;55619;9954;77951;60319;1620;compressing Sleek Fresh Shoes;99196;19500;deposit;transmit Phased XML;Rustic Plastic Chips;Codes specifically reserved for testing purposes;Plastic Chicken Investor;Auto Loan Account UAE Dirham Alabama;morph Soft;Multi-lateral;Integration migration payment;white Handcrafted Wooden Bike;Fresh Australian Dollar;matrix;Shoes Personal Loan Account;benchmark Burg;Checking Account;Switchable Health invoice;Mauritius Rupee microchip;modular invoice;streamline solid state New Hampshire;Alaska;robust Belize;Savings Account wireless Internal;Keyboard calculating;99145;29335;72683;wireless Agent;60548;79219;30788;67636;83753;67963;61448;94592;58119;Adaptive;asymmetric azure withdrawal;Rubber synergies;feed;Dynamic;83726;Plastic Wooden;Unbranded indexing Central;artificial intelligence Regional;port virtual;Lead;card;El Salvador Chair;Slovenia;Principal generating Global;Licensed Holy See (Vatican City State);payment Coordinator;Innovative;9496;48004;31491;Ergonomic;parsing;niches Belize HTTP;Customer Station flexibility;firmware target;SMTP Kansas Belarussian Ruble;payment Metal;Metal Oklahoma;transmit
